HD Point of equivalence class 1,LD Point,Equivalence Class
"[0, 0, 0, 0, 0, 1]","[1, 0]",1
"[1, 0, 0, 0, 0, 0]","[0, 1]",1
"[0, 1, 0, 0, 0, 0]","[0.2, 0.8]",1
"[0, 0, 1, 0, 0, 0]","[0.4, 0.6000000000000001]",1
"[0, 0, 0, 1, 0, 0]","[0.6000000000000001, 0.4000000000000001]",1
"[0, 0, 0, 0, 1, 0]","[0.8, 0.20000000000000007]",1
